,COVID-19 Daily Update,,,,,,,,,,,,,,,,,,,COVID-19 Weekly Report,,,,,,,,,,,,,,,,,,,,,,,,,,,,,,,,,,,,,,,,,,,,,,,,,,,,,,,,,,,,,,,,,,,,,,,,,,,,,,,,,,,,,,,,,,,,,,,,,,,,,,,,,
,,,,,,,confirmed and,Confirmed and,,,,,,,,,,,,,,,Reported Risk Factors (percent),,,,,,,,,,,,By sex (percent),,By Age (count),,,,,,,,,,,,,,,,,,,,,,,,,,,,,,,,,,,,,,,,,,,,,By Race (count),,,,,,,,,,,,,,,,,,,,,,,,By Ethnicit (count),,,,,,,,,Underlying conditions in deaths (count),,,,,,,,,,
,,,,,,Confirmed,presumptive,presumptive,,,Weekly,,Weekly,,weekly,,,,,,,,contact with confirmed,,congregate living,,health care worker,,patient care,,Out of home area,,Underlying conditions,,,,0-19,,,,,20-29,,,,,30-39,,,,,40-49,,,,,50-59,,,,,60-69,,,,,70-79,,,,,80+,,,,,not available,,,,,white,,,black,,,asian,,,native,,,islander,,,other,,,>1 race,,,not available,,,hispanic,,,non- hispanic,,,not available,,,diabeties,resptory,heart,former smoker,smoker,renal,liver,neuro,immuno,obesity,other
Date,Tests,Week Tests,Positive,% Positive,% Week,Positive Growth,cases,new cases,Weekly Growth,Hospitalized,Hospitalized,ICU,ICU,ventilators,ventilators,Dead,Newly Dead,Weekly Death,Total Tests,cases,deaths,hosp,yes,no,yes,no,yes,no,yes,no,yes,no,yes,no,M,F,cases,new,deaths,new,hosp,cases,new,deaths,new,hosp,cases,new,deaths,new,hosp,cases,new,deaths,new,hosp,cases,new,deaths,new,hosp,cases,new,deaths,new,hosp,cases,new,deaths,new,hosp,cases,new,deaths,new,hosp,cases,new,deaths,new,hosp,cases,deaths,hosp,cases,deaths,hosp,cases,deaths,hosp,cases,deaths,hosp,cases,deaths,hosp,cases,deaths,hosp,cases,deaths,hosp,cases,deaths,hosp,cases,deaths,hosp,cases,deaths,hosp,cases,deaths,hosp,,,,,,,,,,,
Wed March 4 2020,NA,,3,,,3,3,3,,N/A,,,,,,N/A,,,32,,,,,,,,,,,,,,,,,,,,,,,,,,,,,,,,,,,,,,,,,,,,,,,,,,,,,,,,,,,,,,,,,,,,,,,,,,,,,,,,,,,,,,,,,,,,,,,,,,,,,,,,,,
Thu March 5 2020,16,,3,0.00%,,0,3,0,,N/A,,,,,,N/A,,,48,,,,,,,,,,,,,,,,,,,,,,,,,,,,,,,,,,,,,,,,,,,,,,,,,,,,,,,,,,,,,,,,,,,,,,,,,,,,,,,,,,,,,,,,,,,,,,,,,,,,,,,,,,
Fri March 6 2020,19,,3,0.00%,,0,3,0,,N/A,,,,,,N/A,,,67,,,,,,,,,,,,,,,,,,,,,,,,,,,,,,,,,,,,,,,,,,,,,,,,,,,,,,,,,,,,,,,,,,,,,,,,,,,,,,,,,,,,,,,,,,,,,,,,,,,,,,,,,,
Sat March 7 2020,17,,7,23.53%,,4,7,4,,N/A,,,,,,N/A,,,84,,,,,,,,,,,,,,,,,,,,,,,,,,,,,,,,,,,,,,,,,,,,,,,,,,,,,,,,,,,,,,,,,,,,,,,,,,,,,,,,,,,,,,,,,,,,,,,,,,,,,,,,,,
Sun March 8 2020,30,,14,23.33%,,7,14,7,,N/A,,,,,,N/A,,,114,,,,,,,,,,,,,,,,,,,,,,,,,,,,,,,,,,,,,,,,,,,,,,,,,,,,,,,,,,,,,,,,,,,,,,,,,,,,,,,,,,,,,,,,,,,,,,,,,,,,,,,,,,
Mon March 9 2020,65,,14,0.00%,,0,14,0,,N/A,,,,,,N/A,,,179,,,,,,,,,,,,,,,,,,,,,,,,,,,,,,,,,,,,,,,,,,,,,,,,,,,,,,,,,,,,,,,,,,,,,,,,,,,,,,,,,,,,,,,,,,,,,,,,,,,,,,,,,,
Tue March 10 2020,49,196,15,2.04%,6.12%,1,15,1,15,N/A,0,,0.00,,0.00,N/A,,0,228,,,,,,,,,,,,,,,,,,,,,,,,,,,,,,,,,,,,,,,,,,,,,,,,,,,,,,,,,,,,,,,,,,,,,,,,,,,,,,,,,,,,,,,,,,,,,,,,,,,,,,,,,,
Wed March 11 2020,77,,19,5.19%,,4,19,4,,N/A,,,,,,N/A,,,305,,,,,,,,,,,,,,,,,,,,,,,,,,,,,,,,,,,,,,,,,,,,,,,,,,,,,,,,,,,,,,,,,,,,,,,,,,,,,,,,,,,,,,,,,,,,,,,,,,,,,,,,,,
Thu March 12 2020,0,,19,,,0,19,0,,N/A,,,,,,N/A,,,305,,,,,,,,,,,,,,,,,,,,,,,,,,,,,,,,,,,,,,,,,,,,,,,,,,,,,,,,,,,,,,,,,,,,,,,,,,,,,,,,,,,,,,,,,,,,,,,,,,,,,,,,,,
Fri March 13 2020,62,,30,17.74%,,11,30,11,,N/A,,,,,,N/A,,,367,,,,,,,,,,,,,,,,,,,,,,,,,,,,,,,,,,,,,,,,,,,,,,,,,,,,,,,,,,,,,,,,,,,,,,,,,,,,,,,,,,,,,,,,,,,,,,,,,,,,,,,,,,
Sat March 14 2020,0,,30,,,0,30,0,,N/A,,,,,,N/A,,,367,,,,,,,,,,,,,,,,,,,,,,,,,,,,,,,,,,,,,,,,,,,,,,,,,,,,,,,,,,,,,,,,,,,,,,,,,,,,,,,,,,,,,,,,,,,,,,,,,,,,,,,,,,
Sun March 15 2020,89,,36,6.74%,,6,36,6,,N/A,,,,,,N/A,,,456,,,,,,,,,,,,,,,,,,,,,,,,,,,,,,,,,,,,,,,,,,,,,,,,,,,,,,,,,,,,,,,,,,,,,,,,,,,,,,,,,,,,,,,,,,,,,,,,,,,,,,,,,,
Mon March 16 2020,162,,39,1.85%,,3,39,3,,N/A,,,,,,N/A,,,618,,,,,,,,,,,,,,,,,,,,,,,,,,,,,,,,,,,,,,,,,,,,,,,,,,,,,,,,,,,,,,,,,,,,,,,,,,,,,,,,,,,,,,,,,,,,,,,,,,,,,,,,,,
Tue March 17 2020,118,508,47,6.78%,5.51%,8,47,8,32,N/A,0,,0.00,,0.00,N/A,,0,736,,,,,,,,,,,,,,,,,,,,,,,,,,,,,,,,,,,,,,,,,,,,,,,,,,,,,,,,,,,,,,,,,,,,,,,,,,,,,,,,,,,,,,,,,,,,,,,,,,,,,,,,,,
Wed March 18 2020,457,,75,6.13%,,28,75,28,,N/A,,,,,,3,3,,"1,193",,,,,,,,,,,,,,,,,,,,,,,,,,,,,,,,,,,,,,,,,,,,,,,,,,,,,,,,,,,,,,,,,,,,,,,,,,,,,,,,,,,,,,,,,,,,,,,,,,,,,,,,,,
Thu March 19 2020,224,,88,5.80%,,13,88,13,,N/A,,,,,,3,0,,"1,417",,,,,,,,,,,,,,,,,,,,,,,,,,,,,,,,,,,,,,,,,,,,,,,,,,,,,,,,,,,,,,,,,,,,,,,,,,,,,,,,,,,,,,,,,,,,,,,,,,,,,,,,,,
Fri March 20 2020,700,,114,3.71%,,26,114,26,,N/A,,,,,,3,0,,"2,117",,,,,,,,,,,,,,,,,,,,,,,,,,,,,,,,,,,,,,,,,,,,,,,,,,,,,,,,,,,,,,,,,,,,,,,,,,,,,,,,,,,,,,,,,,,,,,,,,,,,,,,,,,
Sat March 21 2020,0,,114,,,0,114,0,,N/A,,,,,,3,0,,"2,117",,,,,,,,,,,,,,,,,,,,,,,,,,,,,,,,,,,,,,,,,,,,,,,,,,,,,,,,,,,,,,,,,,,,,,,,,,,,,,,,,,,,,,,,,,,,,,,,,,,,,,,,,,
Sun March 22 2020,908,,161,5.18%,,47,161,47,,43,,,,,,4,1,,"3,025",,,,,,,,,,,,,,,,,,,,,,,,,,,,,,,,,,,,,,,,,,,,,,,,,,,,,,,,,,,,,,,,,,,,,,,,,,,,,,,,,,,,,,,,,,,,,,,,,,,,,,,,,,
Mon March 23 2020,815,,191,3.68%,,30,191,30,,56,,,,,,5,1,,"3,840",,,,,,,,,,,,,,,,,,,,,,,,,,,,,,,,,,,,,,,,,,,,,,,,,,,,,,,,,,,,,,,,,,,,,,,,,,,,,,,,,,,,,,,,,,,,,,,,,,,,,,,,,,
Tue March 24 2020,719,"3,823",209,2.50%,3.51%,18,209,18,162,61,53.33,,0.00,,0.00,8,3,8,"4,559",,,,,,,,,,,,,,,,,,,,,,,,,,,,,,,,,,,,,,,,,,,,,,,,,,,,,,,,,,,,,,,,,,,,,,,,,,,,,,,,,,,,,,,,,,,,,,,,,,,,,,,,,,
Wed March 25 2020,0,,209,,,0,209,0,,61,,,,,,8,0,,"4,559",,,,,,,,,,,,,,,,,,,,,,,,,,,,,,,,,,,,,,,,,,,,,,,,,,,,,,,,,,,,,,,,,,,,,,,,,,,,,,,,,,,,,,,,,,,,,,,,,,,,,,,,,,
Thu March 26 2020,"2,721",,327,4.34%,,118,327,118,,90,,,,,,11,3,,"7,280",,,,,,,,,,,,,,,,,,,,,,,,,,,,,,,,,,,,,,,,,,,,,,,,,,,,,,,,,,,,,,,,,,,,,,,,,,,,,,,,,,,,,,,,,,,,,,,,,,,,,,,,,,
Fri March 27 2020,"1,644",,414,5.29%,,87,414,87,,102,,,,,,12,1,,"8,924",,,,,,,,,,,,,,,,,,,,,,,,,,,,,,,,,,,,,,,,,,,,,,,,,,,,,,,,,,,,,,,,,,,,,,,,,,,,,,,,,,,,,,,,,,,,,,,,,,,,,,,,,,
Sat March 28 2020,"1,248",,479,5.21%,,65,479,65,,117,,,,,,13,1,,"10,172",,,,,,,,,,,,,,,,,,,,,,,,,,,,,,,,,,,,,,,,,,,,,,,,,,,,,,,,,,,,,,,,,,,,,,,,,,,,,,,,,,,,,,,,,,,,,,,,,,,,,,,,,,
Sun March 29 2020,"1,254",,548,5.50%,,69,548,69,,129,,,,,,13,0,,"11,426",,,,,,,,,,,,,,,,,,,,,,,,,,,,,,,,,,,,,,,,,,,,,,,,,,,,,,,,,,,,,,,,,,,,,,,,,,,,,,,,,,,,,,,,,,,,,,,,,,,,,,,,,,
Mon March 30 2020,"1,457",,606,3.98%,,58,606,58,,140,,,,,,16,3,,"12,883",,,,,,,,,,,,,,,,,,,,,,,,,,,,,,,,,,,,,,,,,,,,,,,,,,,,,,,,,,,,,,,,,,,,,,,,,,,,,,,,,,,,,,,,,,,,,,,,,,,,,,,,,,
Tue March 31 2020,943,"9,267",690,8.91%,5.19%,84,690,84,481,154,113.29,,0.00,,0.00,18,2,10,"13,826",,,,,,,,,,,,,,,,,,,,,,,,,,,,,,,,,,,,,,,,,,,,,,,,,,,,,,,,,,,,,,,,,,,,,,,,,,,,,,,,,,,,,,,,,,,,,,,,,,,,,,,,,,
Wed April 1 2020,46,,736,,,46,736,46,,154,,,,,,18,0,,"13,872",,,,,,,,,,,,,,,,,,,,,,,,,,,,,,,,,,,,,,,,,,,,,,,,,,,,,,,,,,,,,,,,,,,,,,,,,,,,,,,,,,,,,,,,,,,,,,,,,,,,,,,,,,
Thu April 2 2020,"2,213",,826,4.07%,,90,826,90,,188,,,,,,21,3,,"16,085",,,,,,,,,,,,,,,,,,,,,,,,,,,,,,,,,,,,,,,,,,,,,,,,,,,,,,,,,,,,,,,,,,,,,,,,,,,,,,,,,,,,,,,,,,,,,,,,,,,,,,,,,,
Fri April 3 2020,"1,349",,899,5.41%,,73,899,73,,204,,,,,,22,1,,"17,434",,,,,,,,,,,,,,,,,,,,,,,,,,,,,,,,,,,,,,,,,,,,,,,,,,,,,,,,,,,,,,,,,,,,,,,,,,,,,,,,,,,,,,,,,,,,,,,,,,,,,,,,,,
Sat April 4 2020,100,,999,,,100,999,100,,239,,,,,,26,4,,"17,534",,,,,,,,,,,,,,,,,,,,,,,,,,,,,,,,,,,,,,,,,,,,,,,,,,,,,,,,,,,,,,,,,,,,,,,,,,,,,,,,,,,,,,,,,,,,,,,,,,,,,,,,,,
Sun April 5 2020,"3,090",,"1,068",2.23%,,69,"1,068",69,,258,,,,,,27,1,,"20,624",,,,,,,,,,,,,,,,,,,,,,,,,,,,,,,,,,,,,,,,,,,,,,,,,,,,,,,,,,,,,,,,,,,,,,,,,,,,,,,,,,,,,,,,,,,,,,,,,,,,,,,,,,
Mon April 6 2020,"1,177",,"1,132",5.44%,,64,"1,132",64,,400,,,,82,,27,0,,"21,801",,,,,,,,,,,,,,,,,,,,,,,,,,,,,,,,,,,,,,,,,,,,,,,,,,,,,,,,,,,,,,,,,,,,,,,,,,,,,,,,,,,,,,,,,,,,,,,,,,,,,,,,,,
Tue April 7 2020,"1,206","9,181","1,181",4.06%,4.85%,49,"1,181",49,491,464,272.43,,0.00,69,21.57,33,6,15,"23,007",1099,,,24.9,42.4,12.2,59.7,14,54.4,74,23.4,19.4,53.4,26.7,17.2,45.9,53.6,23,23,,,,112,112,,,,165,165,,,,202,202,,,,203,203,,,,200,200,,,,116,116,,,,77,77,,,,1,1,,,,452,,,23,,,28,,,5,,,10,,,174,,,12,,,395,,,202,,,485,,,412,,,,,,,,,,,,,
Wed April 8 2020,"1,557",,"1,239",3.73%,,58,"1,239",58,,440,,125,,67,,33,0,,"24,564",,,,,,,,,,,,,,,,,,,,,,,,,,,,,,,,,,,,,,,,,,,,,,,,,,,,,,,,,,,,,,,,,,,,,,,,,,,,,,,,,,,,,,,,,,,,,,,,,,,,,,,,,,
Thu April 9 2020,"1,063",,"1,321",7.71%,,82,"1,321",82,,400,,105,,64,,44,11,,"25,627",,,,,,,,,,,,,,,,,,,,,,,,,,,,,,,,,,,,,,,,,,,,,,,,,,,,,,,,,,,,,,,,,,,,,,,,,,,,,,,,,,,,,,,,,,,,,,,,,,,,,,,,,,
Fri April 10 2020,0,,"1,321",,,0,"1,321",0,,353,,93,,56,,44,0,,"25,627",,,,,,,,,,,,,,,,,,,,,,,,,,,,,,,,,,,,,,,,,,,,,,,,,,,,,,,,,,,,,,,,,,,,,,,,,,,,,,,,,,,,,,,,,,,,,,,,,,,,,,,,,,
Sat April 11 2020,"1,597",,"1,371",3.13%,,50,"1,371",50,,334,,101,,54,,48,4,,"27,224",,,,,,,,,,,,,,,,,,,,,,,,,,,,,,,,,,,,,,,,,,,,,,,,,,,,,,,,,,,,,,,,,,,,,,,,,,,,,,,,,,,,,,,,,,,,,,,,,,,,,,,,,,
Sun April 12 2020,"2,534",,"1,527",6.16%,,156,"1,527",156,,295,,81,,52,,52,4,,"29,758",,,,,,,,,,,,,,,,,,,,,,,,,,,,,,,,,,,,,,,,,,,,,,,,,,,,,,,,,,,,,,,,,,,,,,,,,,,,,,,,,,,,,,,,,,,,,,,,,,,,,,,,,,
Mon April 13 2020,"1,363",,"1,584",4.18%,,57,"1,584",57,,321,,96,,50,,53,1,,"31,121",,,,,,,,,,,,,,,,,,,,,,,,,,,,,,,,,,,,,,,,,,,,,,,,,,,,,,,,,,,,,,,,,,,,,,,,,,,,,,,,,,,,,,,,,,,,,,,,,,,,,,,,,,
Tue April 14 2020,"1,242","9,356","1,633",3.95%,4.21%,49,"1,633",49,452,311,350.57,88,98.43,44,55.29,55,2,22,"32,363",1574,,,27.7,42,17.8,57.8,16.7,58.7,73.8,22.4,16.6,60.7,35.3,20.1,44.6,54.9,38,15,,,,171,59,,,,242,77,,,,294,92,,,,274,71,,,,275,75,,,,172,56,,,,107,30,,,,1,0,,,,766,,,31,,,48,,,9,,,13,,,288,,,27,,,392,,,340,,,780,,,454,,,,,,,,,,,,,
Wed April 15 2020,988,,"1,663",3.04%,,30,"1,663",30,,305,,95,,43,,58,3,,"33,351",,,,,,,,,,,,,,,,,,,,,,,,,,,,,,,,,,,,,,,,,,,,,,,,,,,,,,,,,,,,,,,,,,,,,,,,,,,,,,,,,,,,,,,,,,,,,,,,,,,,,,,,,,
Thu April 16 2020,"1,587",,"1,736",4.60%,,73,"1,736",73,,307,,89,,43,,64,6,,"34,938",,,,,,,,,,,,,,,,,,,,,,,,,,,,,,,,,,,,,,,,,,,,,,,,,,,,,,,,,,,,,,,,,,,,,,,,,,,,,,,,,,,,,,,,,,,,,,,,,,,,,,,,,,
Fri Apr 17 2020,"1,383",,"1,785",3.54%,,49,"1,785",49,,301,,69,,41,,70,6,,"36,321",,,,,,,,,,,,,,,,,,,,,,,,,,,,,,,,,,,,,,,,,,,,,,,,,,,,,,,,,,,,,,,,,,,,,,,,,,,,,,,,,,,,,,,,,,,,,,,,,,,,,,,,,,
Sat Apr 18 2020,"1,262",,"1,844",4.68%,,59,"1,844",59,,290,,74,,37,,72,2,,"37,583",,,,,,,,,,,,,,,,,,,,,,,,,,,,,,,,,,,,,,,,,,,,,,,,,,,,,,,,,,,,,,,,,,,,,,,,,,,,,,,,,,,,,,,,,,,,,,,,,,,,,,,,,,
Sun Apr 19 2020,"1,455",,"1,910",4.54%,,66,"1,910",66,,278,,66,,37,,74,2,,"39,038",,,,,,,,,,,,,,,,,,,,,,,,,,,,,,,,,,,,,,,,,,,,,,,,,,,,,,,,,,,,,,,,,,,,,,,,,,,,,,,,,,,,,,,,,,,,,,,,,,,,,,,,,,
Mon Apr 20 2020,"1,007",,"1,956",4.57%,,46,"1,956",46,,303,,74,,35,,75,1,,"40,045",,,,,,,,,,,,,,,,,,,,,,,,,,,,,,,,,,,,,,,,,,,,,,,,,,,,,,,,,,,,,,,,,,,,,,,,,,,,,,,,,,,,,,,,,,,,,,,,,,,,,,,,,,
Tue Apr 21 2020,"1,083","8,765","2,002",4.25%,3.87%,46,"2,002",46,369,297,297.29,70,76.71,35,38.71,78,3,23,"41,128",1928,75,460,27.7,42,17.8,57.8,16.7,58.7,73.8,22.4,16.6,60.7,35.3,20.1,44.7,55.1,47,9,0,0,3,220,49,0,0,19,297,55,0,0,28,357,63,2,2,60,341,67,1,11,64,336,61,16,16,130,198,26,19,19,92,131,24,37,37,64,1,0,0,0,0,1065,50,276,47,3,18,64,3,24,17,1,5,22,0,6,425,4,83,44,1,4,244,13,44,509,4,102,1151,54,318,268,17,40,,,,,,,,,,,
Wed Apr 22 2020,57,,"2,059",,,57,"2,059",57,,302,,67,,35,,78,0,,"41,185",,,,,,,,,,,,,,,,,,,,,,,,,,,,,,,,,,,,,,,,,,,,,,,,,,,,,,,,,,,,,,,,,,,,,,,,,,,,,,,,,,,,,,,,,,,,,,,,,,,,,,,,,,
Thu Apr 23 2020,"2,791",,"2,127",2.44%,,68,"2,127",68,,304,,74,,36,,83,5,,"43,976",,,,,,,,,,,,,,,,,,,,,,,,,,,,,,,,,,,,,,,,,,,,,,,,,,,,,,,,,,,,,,,,,,,,,,,,,,,,,,,,,,,,,,,,,,,,,,,,,,,,,,,,,,
Fri Apr 24 2020,"1,516",,"2,177",3.30%,,50,"2,177",50,,258,,56,,29,,86,3,,"45,492",,,,,,,,,,,,,,,,,,,,,,,,,,,,,,,,,,,,,,,,,,,,,,,,,,,,,,,,,,,,,,,,,,,,,,,,,,,,,,,,,,,,,,,,,,,,,,,,,,,,,,,,,,
Sat Apr 25 2020,"1,885",,"2,253",4.03%,,76,"2,253",76,,261,,60,,29,,87,1,,"47,377",,,,,,,,,,,,,,,,,,,,,,,,,,,,,,,,,,,,,,,,,,,,,,,,,,,,,,,,,,,,,,,,,,,,,,,,,,,,,,,,,,,,,,,,,,,,,,,,,,,,,,,,,,
Sun Apr 26 2020,"1,587",,"2,311",3.65%,,58,"2,311",62,,249,,71,,31,,91,4,,"48,964",,,,,,,,,,,,,,,,,,,,,,,,,,,,,,,,,,,,,,,,,,,,,,,,,,,,,,,,,,,,,,,,,,,,,,,,,,,,,,,,,,,,,,,,,,,,,,,,,,,,,,,,,,
Mon Apr 27 2020,"2,234",,"2,354",1.92%,,43,"2,354",44,,247,,67,,32,,92,1,,"51,198",,,,,,,,,,,,,,,,,,,,,,,,,,,,,,,,,,,,,,,,,,,,,,,,,,,,,,,,,,,,,,,,,,,,,,,,,,,,,,,,,,,,,,,,,,,,,,,,,,,,,,,,,,
Tue Apr 28 2020,"1,044","11,114","2,385",2.97%,2.93%,31,"2,385",38,395,243,266.29,65,65.71,28,31.43,99,7,21,"52,242",2345,92,554,27.7,42,17.8,57.8,16.7,58.7,73.8,22.4,16.6,60.7,35.5,20.1,45.5,54.1,58,11,0,0,4,283,63,0,0,21,369,72,0,0,33,407,50,3,1,69,436,95,3,2,90,387,51,18,2,147,240,42,24,5,110,161,30,44,7,80,4,3,0,0,0,1280,63,342,58,5,20,80,6,32,29,2,8,26,1,8,556,6,100,51,1,8,265,3,36,638,7,118,1424,72,396,283,13,40,24,21,43,18,1,18,5,36,13,3,31
Wed Apr 29 2020,"2,230",,"2,446",2.74%,,61,"2,446",63,,227,,56,,24,,101,2,,"54,472",,,,,,,,,,,,,,,,,,,,,,,,,,,,,,,,,,,,,,,,,,,,,,,,,,,,,,,,,,,,,,,,,,,,,,,,,,,,,,,,,,,,,,,,,,,,,,,,,,,,,,,,,,
Thu Apr 30 2020,"1,560",,"2,510",4.10%,,64,"2,510",66,,243,,65,,28,,103,2,,"56,032",,,,,,,,,,,,,,,,,,,,,,,,,,,,,,,,,,,,,,,,,,,,,,,,,,,,,,,,,,,,,,,,,,,,,,,,,,,,,,,,,,,,,,,,,,,,,,,,,,,,,,,,,,
Fri May 1 2020,"2,144",,"2,579",3.22%,,69,"2,579",70,,208,,49,,23,,104,1,,"58,176",,,,,,,,,,,,,,,,,,,,,,,,,,,,,,,,,,,,,,,,,,,,,,,,,,,,,,,,,,,,,,,,,,,,,,,,,,,,,,,,,,,,,,,,,,,,,,,,,,,,,,,,,,
Sat May 2 2020,"1,960",,"2,635",2.86%,,56,"2,635",62,,209,,50,,22,,109,5,,"60,136",,,,,,,,,,,,,,,,,,,,,,,,,,,,,,,,,,,,,,,,,,,,,,,,,,,,,,,,,,,,,,,,,,,,,,,,,,,,,,,,,,,,,,,,,,,,,,,,,,,,,,,,,,
Sun May 3 2020,"1,918",,"2,680",2.35%,,45,"2,680",45,,205,,46,,21,,109,0,,"62,054",,,,,,,,,,,,,,,,,,,,,,,,,,,,,,,,,,,,,,,,,,,,,,,,,,,,,,,,,,,,,,,,,,,,,,,,,,,,,,,,,,,,,,,,,,,,,,,,,,,,,,,,,,
Mon May 4 2020,"1,389",,"2,745",4.68%,,65,"2,759",79,,207,,41,,17,,109,0,,"63,443",,,,,,,,,,,,,,,,,,,,,,,,,,,,,,,,,,,,,,,,,,,,,,,,,,,,,,,,,,,,,,,,,,,,,,,,,,,,,,,,,,,,,,,,,,,,,,,,,,,,,,,,,,
Tue May 5 2020,"1,959","13,160","2,817",3.68%,2.82%,72,"2,839",80,465,219,216.86,49,50.86,25,22.86,113,4,14,"65,402",2742,109,608,27.7,30.3,17.8,24.5,16.7,24.6,73.8,22.4,16.6,22.6,35.3,44.6,46,53.9,85,27,0,0,5,363,80,0,0,24,446,77,0,0,40,472,65,3,0,78,497,61,3,0,95,424,37,21,3,157,269,29,33,9,120,180,19,49,5,86,6,2,0,0,3,1456,81,378,69,5,22,100,6,31,45,2,10,27,1,8,700,6,112,58,1,8,287,7,39,797,7,135,1641,88,435,304,14,38,32,28,62,24,1,26,6,47,13,10,42
Wed May 6 2020,"2,545",,"2,887",2.75%,,70,"2,916",77,,191,,47,,20,,115,2,,"67,947",,,,,,,,,,,,,,,,,,,,,,,,,,,,,,,,,,,,,,,,,,,,,,,,,,,,,,,,,,,,,,,,,,,,,,,,,,,,,,,,,,,,,,,,,,,,,,,,,,,,,,,,,,
Thu May 7 2020,"2,479",,"2,957",2.82%,,70,"2,989",73,,171,,48,,23,,121,6,,"70,426",,,,,,,,,,,,,,,,,,,,,,,,,,,,,,,,,,,,,,,,,,,,,,,,,,,,,,,,,,,,,,,,,,,,,,,,,,,,,,,,,,,,,,,,,,,,,,,,,,,,,,,,,,
Fri May 8 2020,"2,231",,"3,032",3.36%,,75,"3,068",80,,159,,42,,18,,124,3,,"72,657",,,,,,,,,,,,,,,,,,,,,,,,,,,,,,,,,,,,,,,,,,,,,,,,,,,,,,,,,,,,,,,,,,,,,,,,,,,,,,,,,,,,,,,,,,,,,,,,,,,,,,,,,,
Sat May 9 2020,"1,914",,"3,111",4.13%,,79,"3,160",92,,139,,34,,19,,127,3,,"74,571",,,,,,,,,,,,,,,,,,,,,,,,,,,,,,,,,,,,,,,,,,,,,,,,,,,,,,,,,,,,,,,,,,,,,,,,,,,,,,,,,,,,,,,,,,,,,,,,,,,,,,,,,,
Sun May 10 2020,879,,"3,171",6.83%,,60,"3,228",68,,164,,45,,22,,127,0,,"75,450",,,,,,,,,,,,,,,,,,,,,,,,,,,,,,,,,,,,,,,,,,,,,,,,,,,,,,,,,,,,,,,,,,,,,,,,,,,,,,,,,,,,,,,,,,,,,,,,,,,,,,,,,,
Mon May 11 2020,"2,092",,"3,222",2.44%,,51,"3,286",58,,163,,40,,23,,130,3,,"77,542",,,,,,,,,,,,,,,,,,,,,,,,,,,,,,,,,,,,,,,,,,,,,,,,,,,,,,,,,,,,,,,,,,,,,,,,,,,,,,,,,,,,,,,,,,,,,,,,,,,,,,,,,,
Tue May 12 2020,"2,053","14,193","3,283",2.97%,2.79%,61,"3,358",72,520,165,164.57,39,42.14,25,21.43,130,0,17,"79,595",3268,130,672,38.4,22.5,20.7,14.9,15.9,15,75.9,21.4,13,16.7,45.7,26.1,46.3,53.6,126,41,0,0,6,457,94,0,0,25,558,112,0,0,44,559,87,3,0,83,574,77,5,2,112,463,39,23,2,161,302,33,39,6,134,219,39,60,11,103,10,4,0,0,4,1679,95,411,82,5,24,118,7,35,57,2,10,33,1,9,879,8,133,63,2,10,357,10,40,1004,11,154,1895,102,472,369,17,46,,,,,,,,,,,
Wed May 13 2020,"4,314",,"3,338",1.27%,,55,"3,416",59,,162,,38,,17,,134,4,,"83,909",,,,,,,,,,,,,,,,,,,,,,,,,,,,,,,,,,,,,,,,,,,,,,,,,,,,,,,,,,,,,,,,,,,,,,,,,,,,,,,,,,,,,,,,,,,,,,,,,,,,,,,,,,
Thu May 14 2020,"2,770",,"3,407",2.49%,,69,"3,479",67,,163,,38,,17,,137,3,,"86,679",,,,,,,,,,,,,,,,,,,,,,,,,,,,,,,,,,,,,,,,,,,,,,,,,,,,,,,,,,,,,,,,,,,,,,,,,,,,,,,,,,,,,,,,,,,,,,,,,,,,,,,,,,
Fri May 15 2020,"2,765",,"3,470",2.28%,,63,"3,541",64,,161,,46,,19,,137,0,,"89,444",,,,,,,,,,,,,,,,,,,,,,,,,,,,,,,,,,,,,,,,,,,,,,,,,,,,,,,,,,,,,,,,,,,,,,,,,,,,,,,,,,,,,,,,,,,,,,,,,,,,,,,,,,
Sat May 16 2020,"2,677",,"3,534",2.39%,,64,"3,612",71,,153,,48,,16,,137,0,,"92,121",,,,,,,,,,,,,,,,,,,,,,,,,,,,,,,,,,,,,,,,,,,,,,,,,,,,,,,,,,,,,,,,,,,,,,,,,,,,,,,,,,,,,,,,,,,,,,,,,,,,,,,,,,
Sun May 17 2020,"2,154",,"3,542",0.37%,,8,"3,623",12,,156,,37,,16,,137,0,,"94,275",,,,,,,,,,,,,,,,,,,,,,,,,,,,,,,,,,,,,,,,,,,,,,,,,,,,,,,,,,,,,,,,,,,,,,,,,,,,,,,,,,,,,,,,,,,,,,,,,,,,,,,,,,
Mon May 18 2020,"2,957",,"3,604",2.10%,,62,"3,687",64,,137,,43,,13,,138,1,,"97,232",,,,,,,,,,,,,,,,,,,,,,,,,,,,,,,,,,,,,,,,,,,,,,,,,,,,,,,,,,,,,,,,,,,,,,,,,,,,,,,,,,,,,,,,,,,,,,,,,,,,,,,,,,
Tue May 19 2020,"2,398","20,035","3,636",1.33%,1.49%,32,"3,726",41,378,137,152.71,43,41.86,13,15.86,140,2,10,"99,630",3660,138,707,40.7,38.1,20.7,65.4,15.8,70.5,76.4,21,12.7,71.4,52.4,29.6,47.2,52.7,163,37,0,0,7,538,81,0,0,26,619,61,0,0,45,628,69,3,0,85,641,67,5,0,118,505,42,27,4,168,328,26,39,0,144,228,9,64,4,110,10,0,0,0,4,1842,100,434,86,6,24,135,7,36,67,3,10,47,1,10,1023,9,147,70,2,12,390,10,34,1162,12,166,2103,108,503,395,18,38,,,,,,,,,,,
Wed May 20 2020,"2,419",,"3,701",2.69%,,65,"3,801",75,,152,,42,,17,,144,4,,"102,049",,,,,,,,,,,,,,,,,,,,,,,,,,,,,,,,,,,,,,,,,,,,,,,,,,,,,,,,,,,,,,,,,,,,,,,,,,,,,,,,,,,,,,,,,,,,,,,,,,,,,,,,,,
Thu May 21 2020,"3,083",,"3,725",0.78%,,24,"3,817",24,,140,,40,,14,,145,1,,"105,132",,,,,,,,,,,,,,,,,,,,,,,,,,,,,,,,,,,,,,,,,,,,,,,,,,,,,,,,,,,,,,,,,,,,,,,,,,,,,,,,,,,,,,,,,,,,,,,,,,,,,,,,,,
Fri May 22 2020,"2,613",,"3,770",1.72%,,45,"3,864",48,,146,,47,,16,,147,2,,"107,745",,,,,,,,,,,,,,,,,,,,,,,,,,,,,,,,,,,,,,,,,,,,,,,,,,,,,,,,,,,,,,,,,,,,,,,,,,,,,,,,,,,,,,,,,,,,,,,,,,,,,,,,,,
Sat May 23 2020,"2,373",,"3,799",1.22%,,29,"3,888",35,,102,,41,,15,,147,0,,"110,118",,,,,,,,,,,,,,,,,,,,,,,,,,,,,,,,,,,,,,,,,,,,,,,,,,,,,,,,,,,,,,,,,,,,,,,,,,,,,,,,,,,,,,,,,,,,,,,,,,,,,,,,,,
Sun May 24 2020,"1,992",,"3,842",2.16%,,43,"3,927",43,,117,,35,,18,,148,1,,"112,110",,,,,,,,,,,,,,,,,,,,,,,,,,,,,,,,,,,,,,,,,,,,,,,,,,,,,,,,,,,,,,,,,,,,,,,,,,,,,,,,,,,,,,,,,,,,,,,,,,,,,,,,,,
Mon May 25 2020,"1,660",,"3,861",1.14%,,19,"3,949",23,,128,,35,,23,,148,0,,"113,770",,,,,,,,,,,,,,,,,,,,,,,,,,,,,,,,,,,,,,,,,,,,,,,,,,,,,,,,,,,,,,,,,,,,,,,,,,,,,,,,,,,,,,,,,,,,,,,,,,,,,,,,,,
Tue May 26 2020,"1,680","15,820","3,879",1.07%,1.13%,18,"3,967",19,267,149,133.43,40,40.00,17,17.14,148,0,8,"115,450",,,,,,,,,,,,,,,,,,,,,,,,,,,,,,,,,,,,,,,,,,,,,,,,,,,,,,,,,,,,,,,,,,,,,,,,,,,,,,,,,,,,,,,,,,,,,,,,,,,,,,,,,,
Wed May 27 2020,"1,451",,"3,947",4.69%,,68,"4,038",71,,146,,35,,16,,148,0,,"116,901",3949,148,747,42.1,37.6,20.4,66.4,15.6,71.4,76.9,21.5,12.6,72.2,52.7,31.1,47.5,52.4,204,41,0,0,9,605,67,0,0,33,673,54,0,0,47,683,55,3,3,91,685,44,6,6,128,526,21,29,29,173,341,13,41,41,153,232,4,69,69,113,0,-10,0,0,0,1946,109,452,97,6,26,139,7,37,69,3,11,53,1,11,1166,10,158,73,2,12,406,10,40,1317,14,178,2238,116,527,394,18,42,,,,,,,,,,,
Thu May 28 2020,"2,654",,"3,994",1.77%,,47,"4,086",49,,149,,32,,17,,151,3,,"119,555",,,,,,,,,,,,,,,,,,,,,,,,,,,,,,,,,,,,,,,,,,,,,,,,,,,,,,,,,,,,,,,,,,,,,,,,,,,,,,,,,,,,,,,,,,,,,,,,,,,,,,,,,,
Fri May 29 2020,"3,024",,"4,029",1.16%,,35,"4,131",48,,155,,36,,21,,151,0,,"122,579",,,,,,,,,,,,,,,,,,,,,,,,,,,,,,,,,,,,,,,,,,,,,,,,,,,,,,,,,,,,,,,,,,,,,,,,,,,,,,,,,,,,,,,,,,,,,,,,,,,,,,,,,,
Sat May 30 2020,"4,114",,"4,083",1.31%,,54,"4,185",55,,131,,32,,17,,153,2,,"126,693",,,,,,,,,,,,,,,,,,,,,,,,,,,,,,,,,,,,,,,,,,,,,,,,,,,,,,,,,,,,,,,,,,,,,,,,,,,,,,,,,,,,,,,,,,,,,,,,,,,,,,,,,,
Sun May 31 2020,"2,400",,"4,135",2.17%,,52,"4,243",58,,117,,33,,13,,153,0,,"129,093",,,,,,,,,,,,,,,,,,,,,,,,,,,,,,,,,,,,,,,,,,,,,,,,,,,,,,,,,,,,,,,,,,,,,,,,,,,,,,,,,,,,,,,,,,,,,,,,,,,,,,,,,,
Mon June 1 2020,"2,415",,"4,192",2.36%,,57,"4,302",59,,108,,32,,17,,154,1,,"131,508",,,,,,,,,,,,,,,,,,,,,,,,,,,,,,,,,,,,,,,,,,,,,,,,,,,,,,,,,,,,,,,,,,,,,,,,,,,,,,,,,,,,,,,,,,,,,,,,,,,,,,,,,,
Tue June 2 2020,"2,586","18,644","4,220",1.08%,1.46%,28,"4,335",33,373,102,129.71,29,32.71,15,16.57,157,3,9,"134,094",,,,,,,,,,,,,,,,,,,,,,,,,,,,,,,,,,,,,,,,,,,,,,,,,,,,,,,,,,,,,,,,,,,,,,,,,,,,,,,,,,,,,,,,,,,,,,,,,,,,,,,,,,
Wed June 3 2020,"2,455",,"4,280",2.44%,,60,"4,399",65,,112,,27,,10,,159,2,,"136,549",4302,154,790,59,29.3,20.5,66,15.2,71.5,76.1,22.2,12.6,71.5,57.3,31.6,48,52,244,40,0,0,10,689,84,0,0,40,737,64,0,0,53,747,64,3,0,98,732,47,7,1,133,557,31,30,1,176,357,16,44,3,163,239,7,70,1,117,0,0,0,0,0,2065,114,473,116,6,30,149,7,37,88,3,11,72,1,16,1267,11,170,76,2,14,469,10,39,1463,16,191,2382,119,556,457,19,43,,,,,,,,,,,
Thu June 4 2020,"2,639",,"4,350",2.65%,,70,"4,474",76,,124,,40,,13,,159,0,,"139,188",,,,,,,,,,,,,,,,,,,,,,,,,,,,,,,,,,,,,,,,,,,,,,,,,,,,,,,,,,,,,,,,,,,,,,,,,,,,,,,,,,,,,,,,,,,,,,,,,,,,,,,,,,
Fri June 5 2020,"3,930",,"4,442",2.34%,,92,"4,570",97,,121,,39,,16,,161,2,,"143,118",,,,,,,,,,,,,,,,,,,,,,,,,,,,,,,,,,,,,,,,,,,,,,,,,,,,,,,,,,,,,,,,,,,,,,,,,,,,,,,,,,,,,,,,,,,,,,,,,,,,,,,,,,
Sat June 6 2020,0,,"4,442",,,0,"4,570",0,,121,,39,,16,,161,0,,"143,118",,,,,,,,,,,,,,,,,,,,,,,,,,,,,,,,,,,,,,,,,,,,,,,,,,,,,,,,,,,,,,,,,,,,,,,,,,,,,,,,,,,,,,,,,,,,,,,,,,,,,,,,,,
Sun June 7 2020,0,,"4,442",,,0,"4,570",0,,121,,39,,16,,161,0,,"143,118",,,,,,,,,,,,,,,,,,,,,,,,,,,,,,,,,,,,,,,,,,,,,,,,,,,,,,,,,,,,,,,,,,,,,,,,,,,,,,,,,,,,,,,,,,,,,,,,,,,,,,,,,,
Mon June 8 2020,"6,614",,"4,775",5.03%,,333,"4,922",352,,137,,43,,18,,164,3,,"149,732",,,,,,,,,,,,,,,,,,,,,,,,,,,,,,,,,,,,,,,,,,,,,,,,,,,,,,,,,,,,,,,,,,,,,,,,,,,,,,,,,,,,,,,,,,,,,,,,,,,,,,,,,,
Tue June 9 2020,"3,738","19,376","4,841",1.77%,2.90%,66,"4,988",70,660,145,125.86,47,39.14,20,15.57,169,5,12,"153,470",,,,,,,,,,,,,,,,,,,,,,,,,,,,,,,,,,,,,,,,,,,,,,,,,,,,,,,,,,,,,,,,,,,,,,,,,,,,,,,,,,,,,,,,,,,,,,,,,,,,,,,,,,
Wed June 10 2020,"3,135",,"4,907",2.11%,,66,"5,060",72,,136,,40,,18,,169,0,,"156,605",4922,164,843,62.1,26.5,19.9,64.9,14,70.6,76.5,21.6,13.2,68.7,52.3,32,48.4,51.5,318,74,0,0,12,854,165,0,0,41,850,113,1,1,61,849,102,3,0,102,806,74,8,1,147,595,38,34,4,184,378,21,46,2,172,272,33,72,2,124,0,0,0,0,0,2227,124,497,145,6,31,168,7,40,107,3,12,96,2,20,1467,11,188,86,2,15,626,9,40,1703,17,208,2621,133,595,598,14,40,,,,,,,,,,,
Thu June 11 2020,"5,038",,"5,076",3.35%,,169,"5,237",178,,130,,39,,19,,171,2,,"161,643",,,,,,,,,,,,,,,,,,,,,,,,,,,,,,,,,,,,,,,,,,,,,,,,,,,,,,,,,,,,,,,,,,,,,,,,,,,,,,,,,,,,,,,,,,,,,,,,,,,,,,,,,,
Fri June 12 2020,"4,376",,"5,207",2.99%,,131,"5,377",142,,133,,47,,15,,173,2,,"166,019",,,,,,,,,,,,,,,,,,,,,,,,,,,,,,,,,,,,,,,,,,,,,,,,,,,,,,,,,,,,,,,,,,,,,,,,,,,,,,,,,,,,,,,,,,,,,,,,,,,,,,,,,,
Sat June 13 2020,0,,"5,207",,,0,"5,377",0,,133,,47,,15,,173,0,,"166,019",,,,,,,,,,,,,,,,,,,,,,,,,,,,,,,,,,,,,,,,,,,,,,,,,,,,,,,,,,,,,,,,,,,,,,,,,,,,,,,,,,,,,,,,,,,,,,,,,,,,,,,,,,
Sun June 14 2020,0,,"5,207",,,0,"5,377",0,,133,,47,,15,,173,0,,"166,019",,,,,,,,,,,,,,,,,,,,,,,,,,,,,,,,,,,,,,,,,,,,,,,,,,,,,,,,,,,,,,,,,,,,,,,,,,,,,,,,,,,,,,,,,,,,,,,,,,,,,,,,,,
Mon June 15 2020,"9,922",,"5,625",4.21%,,418,"5,820",443,,197,,50,,19,,180,7,,"175,941",,,,,,,,,,,,,,,,,,,,,,,,,,,,,,,,,,,,,,,,,,,,,,,,,,,,,,,,,,,,,,,,,,,,,,,,,,,,,,,,,,,,,,,,,,,,,,,,,,,,,,,,,,
Tue June 16 2020,"3,396","25,867","5,897",8.01%,3.83%,272,"6,098",278,"1,113",141,143.29,50,45.71,22,17.57,182,2,13,"179,337",,,,,,,,,,,,,,,,,,,,,,,,,,,,,,,,,,,,,,,,,,,,,,,,,,,,,,,,,,,,,,,,,,,,,,,,,,,,,,,,,,,,,,,,,,,,,,,,,,,,,,,,,,
Wed June 17 2020,"4,802",,"6,007",2.29%,,110,"6,218",122,,158,,54,,26,,183,1,,"184,139",5820,180,899,63.7,24.2,21,64.5,13.6,70.3,76.7,20.9,12.7,67.9,51.2,32.3,48.4,51.4,476,158,0,0,12,1052,198,0,0,43,1022,172,1,0,70,979,130,3,0,108,924,118,8,0,160,660,65,38,4,196,415,37,51,5,178,292,20,79,7,132,0,0,0,0,0,2555,133,519,211,6,35,218,8,40,128,3,13,130,3,28,1708,13,199,128,2,18,742,12,47,2025,19,224,3057,145,627,738,16,48,,,,,,,,,,,
Thu June 18 2020,"4,771",,"6,140",2.79%,,133,"6,366",148,,141,,46,,28,,187,4,,"188,910",,,,,,,,,,,,,,,,,,,,,,,,,,,,,,,,,,,,,,,,,,,,,,,,,,,,,,,,,,,,,,,,,,,,,,,,,,,,,,,,,,,,,,,,,,,,,,,,,,,,,,,,,,
Fri June 19 2020,"4,779",,"6,344",4.27%,,204,"6,472",205,,154,,50,,29,,188,1,,"193,689",,,,,,,,,,,,,,,,,,,,,,,,,,,,,,,,,,,,,,,,,,,,,,,,,,,,,,,,,,,,,,,,,,,,,,,,,,,,,,,,,,,,,,,,,,,,,,,,,,,,,,,,,,
Sat June 20 2020,0,,"6,344",,,0,"6,472",0,,154,,50,,29,,188,0,,"193,689",,,,,,,,,,,,,,,,,,,,,,,,,,,,,,,,,,,,,,,,,,,,,,,,,,,,,,,,,,,,,,,,,,,,,,,,,,,,,,,,,,,,,,,,,,,,,,,,,,,,,,,,,,
Sun June 21 2020,0,,"6,344",,,0,"6,472",0,,154,,50,,29,,188,0,,"193,689",,,,,,,,,,,,,,,,,,,,,,,,,,,,,,,,,,,,,,,,,,,,,,,,,,,,,,,,,,,,,,,,,,,,,,,,,,,,,,,,,,,,,,,,,,,,,,,,,,,,,,,,,,
Mon June 22 2020,"12,692",,"6,836",3.88%,,492,"7,083",511,,145,,48,,27,,192,4,,"206,381",,,,,,,,,,,,,,,,,,,,,,,,,,,,,,,,,,,,,,,,,,,,,,,,,,,,,,,,,,,,,,,,,,,,,,,,,,,,,,,,,,,,,,,,,,,,,,,,,,,,,,,,,,
Tue June 23 2020,"4,075","31,119","7,018",4.47%,3.25%,182,"7,174",191,"1,177",184,155.71,58,50.86,28,28.00,192,0,10,"210,456",,,,,,,,,,,,,,,,,,,,,,,,,,,,,,,,,,,,,,,,,,,,,,,,,,,,,,,,,,,,,,,,,,,,,,,,,,,,,,,,,,,,,,,,,,,,,,,,,,,,,,,,,,
Wed June 24 2020,"3,293",,"7,185",5.07%,,167,"7,444",171,,185,,59,,29,,195,3,,"213,749",7083,192,969,65,22.2,19.4,65.3,12.7,70.5,75.8,21.9,12.5,66.8,49.8,34,48.3,51.3,703,227,0,0,11,1334,282,0,0,51,1260,238,1,0,75,1169,190,3,0,118,1063,139,9,1,172,742,82,39,1,209,466,51,52,1,186,336,44,88,9,145,10,10,0,0,2,2967,140,555,301,6,43,288,8,43,139,3,15,196,4,31,2056,16,210,213,2,20,923,13,52,2465,22,239,3696,153,676,922,17,54,,,,,,,,,,,
Thu June 25 2020,"2,595",,"7,294",4.20%,,109,"7,568",124,,189,,60,,29,,197,2,,"216,344",,,,,,,,,,,,,,,,,,,,,,,,,,,,,,,,,,,,,,,,,,,,,,,,,,,,,,,,,,,,,,,,,,,,,,,,,,,,,,,,,,,,,,,,,,,,,,,,,,,,,,,,,,
Fri June 26 2020,524,,"7,530",45.04%,,236,"7,818",250,,180,,60,,29,,202,5,,"216,868",,,,,,,,,,,,,,,,,,,,,,,,,,,,,,,,,,,,,,,,,,,,,,,,,,,,,,,,,,,,,,,,,,,,,,,,,,,,,,,,,,,,,,,,,,,,,,,,,,,,,,,,,,
Sat June 27 2020,0,,"7,530",,,0,"7,818",0,,180,,60,,29,,202,0,,"216,868",,,,,,,,,,,,,,,,,,,,,,,,,,,,,,,,,,,,,,,,,,,,,,,,,,,,,,,,,,,,,,,,,,,,,,,,,,,,,,,,,,,,,,,,,,,,,,,,,,,,,,,,,,
Sun June 28 2020,0,,"7,530",,,0,"7,818",0,,180,,60,,29,,202,0,,"216,868",,,,,,,,,,,,,,,,,,,,,,,,,,,,,,,,,,,,,,,,,,,,,,,,,,,,,,,,,,,,,,,,,,,,,,,,,,,,,,,,,,,,,,,,,,,,,,,,,,,,,,,,,,
Mon June 29 2020,"17,901",,"8,121",3.30%,,591,"8,485",667,,151,,44,,29,,204,2,,"234,769",,,,,,,,,,,,,,,,,,,,,,,,,,,,,,,,,,,,,,,,,,,,,,,,,,,,,,,,,,,,,,,,,,,,,,,,,,,,,,,,,,,,,,,,,,,,,,,,,,,,,,,,,,
Tue June 30 2020,"2,474","26,787","8,265",5.82%,4.03%,144,"8,656",171,"1,383",149,173.43,42,55.00,25,28.43,207,3,15,"237,243",,,,,,,,,,,,,,,,,,,,,,,,,,,,,,,,,,,,,,,,,,,,,,,,,,,,,,,,,,,,,,,,,,,,,,,,,,,,,,,,,,,,,,,,,,,,,,,,,,,,,,,,,,
Wed July 1 2020,"5,711",,"8,525",4.55%,,260,"8,931",275,,192,,62,,24,,208,1,,"242,954",8485,204,1025,66.6,22,18.5,67.8,12.1,72.7,74.9,22.7,13.7,67.7,48.4,37.3,47.8,52,936,233,0,0,13,1658,324,0,0,53,1498,238,1,0,78,1408,239,3,0,124,1235,172,9,0,176,836,94,40,1,222,523,57,55,3,206,375,39,96,8,153,16,6,0,0,0,3490,150,582,368,6,47,327,9,44,179,3,15,262,5,39,2586,16,226,245,2,18,1028,13,54,3061,24,262,4353,163,701,1071,17,62,,,,,,,,,,,
Thu July 2 2020,"7,683",,"8,877",4.58%,,352,9294,363,,173,,52,,25,,209,1,,"250,637",,,,,,,,,,,,,,,,,,,,,,,,,,,,,,,,,,,,,,,,,,,,,,,,,,,,,,,,,,,,,,,,,,,,,,,,,,,,,,,,,,,,,,,,,,,,,,,,,,,,,,,,,,
Fri July 3 2020,0,,"8,877",,,0,9294,0,,173,,52,,25,,209,0,,"250,637",,,,,,,,,,,,,,,,,,,,,,,,,,,,,,,,,,,,,,,,,,,,,,,,,,,,,,,,,,,,,,,,,,,,,,,,,,,,,,,,,,,,,,,,,,,,,,,,,,,,,,,,,,
Sat July 4 2020,0,,"8,877",,,0,9294,0,,173,,52,,25,,209,0,,"250,637",,,,,,,,,,,,,,,,,,,,,,,,,,,,,,,,,,,,,,,,,,,,,,,,,,,,,,,,,,,,,,,,,,,,,,,,,,,,,,,,,,,,,,,,,,,,,,,,,,,,,,,,,,
Sun July 5 2020,0,,"8,877",,,0,9294,0,,173,,52,,25,,209,0,,"250,637",,,,,,,,,,,,,,,,,,,,,,,,,,,,,,,,,,,,,,,,,,,,,,,,,,,,,,,,,,,,,,,,,,,,,,,,,,,,,,,,,,,,,,,,,,,,,,,,,,,,,,,,,,
Mon July 6 2020,"16,591",,"9,902",6.18%,,"1,025",10395,1101,,183,,61,,26,,215,6,,"267,228",,,,,,,,,,,,,,,,,,,,,,,,,,,,,,,,,,,,,,,,,,,,,,,,,,,,,,,,,,,,,,,,,,,,,,,,,,,,,,,,,,,,,,,,,,,,,,,,,,,,,,,,,,
Tue July 7 2020,"4,159","34,144","10,086",4.42%,4.57%,184,10605,210,"1,949",191,179.71,66,56.71,22,24.57,220,5,13,"271,387",,,,,,,,,,,,,,,,,,,,,,,,,,,,,,,,,,,,,,,,,,,,,,,,,,,,,,,,,,,,,,,,,,,,,,,,,,,,,,,,,,,,,,,,,,,,,,,,,,,,,,,,,,
Wed July 8 2020,"4,340",,"10,227",3.25%,,141,10817,212,,188,,57,,27,,224,4,,"275,727",10395,215,1125,66.8,21.3,16.9,69.4,11.2,73.8,74.6,22.8,14.8,67.2,48.4,39.5,52.1,47.7,1236,300,0,0,17,2137,479,0,0,63,1832,334,1,0,84,1723,315,3,0,141,1443,208,9,0,194,979,143,41,1,238,606,83,59,4,225,424,49,102,6,163,15,-1,0,0,0,4291,157,632,442,6,52,373,9,49,231,3,17,315,6,52,3243,17,253,273,2,20,1227,15,50,3802,26,293,5259,170,756,1334,19,76,,,,,,,,,,,
Thu July 9 2020,"5,792",,"10,632",6.99%,,405,11188,371,,192,,59,,25,,230,6,,"281,519",,,,,,,,,,,,,,,,,,,,,,,,,,,,,,,,,,,,,,,,,,,,,,,,,,,,,,,,,,,,,,,,,,,,,,,,,,,,,,,,,,,,,,,,,,,,,,,,,,,,,,,,,,
Fri July 10 2020,"4,678",,"10,881",5.32%,,249,11454,266,,208,,56,,25,,232,2,,"286,197",,,,,,,,,,,,,,,,,,,,,,,,,,,,,,,,,,,,,,,,,,,,,,,,,,,,,,,,,,,,,,,,,,,,,,,,,,,,,,,,,,,,,,,,,,,,,,,,,,,,,,,,,,
Sat July 11 2020,0,,"10,881",,,0,11454,0,,208,,56,,25,,232,0,,"286,197",,,,,,,,,,,,,,,,,,,,,,,,,,,,,,,,,,,,,,,,,,,,,,,,,,,,,,,,,,,,,,,,,,,,,,,,,,,,,,,,,,,,,,,,,,,,,,,,,,,,,,,,,,
Sun July 12 2020,0,,"10,881",,,0,11454,0,,208,,56,,30,,232,0,,"286,197",,,,,,,,,,,,,,,,,,,,,,,,,,,,,,,,,,,,,,,,,,,,,,,,,,,,,,,,,,,,,,,,,,,,,,,,,,,,,,,,,,,,,,,,,,,,,,,,,,,,,,,,,,
Mon July 13 2020,"13,872",,"11,795",8.38%,,"1,163",12438,984,,248,,67,,35,,237,5,,"300,069",,,,,,,,,,,,,,,,,,,,,,,,,,,,,,,,,,,,,,,,,,,,,,,,,,,,,,,,,,,,,,,,,,,,,,,,,,,,,,,,,,,,,,,,,,,,,,,,,,,,,,,,,,
Tue July 14 2020,"4,733","33,415","12,151",7.52%,5.76%,356,12805,367,2200,235,212.43,64,59.29,35,28.86,244,7,24,"304,802",,,,,,,,,,,,,,,,,,,,,,,,,,,,,,,,,,,,,,,,,,,,,,,,,,,,,,,,,,,,,,,,,,,,,,,,,,,,,,,,,,,,,,,,,,,,,,,,,,,,,,,,,,
Wed July 15 2020,"6,309",,"12,406",4.04%,,255,13081,276,,207,,53,,30,,247,3,,"311,111",12438,237,1234,66,21.5,15.3,70.6,10.5,74.1,73.2,24.1,15.5,66.8,47.4,41.3,48.1,51.6,1580,344,0,0,21,2613,476,0,0,71,2202,370,2,1,98,2076,353,3,0,157,1665,222,12,3,206,1118,139,45,4,254,698,92,64,5,245,471,47,111,9,182,15,0,0,0,0,5183,174,687,523,6,58,429,9,56,275,3,23,335,6,51,3950,19,279,311,2,21,1432,18,59,4631,30,322,6270,185,827,1537,22,85,,,,,,,,,,,
Thu July 16 2020,"7,133",,"12,807",5.62%,,401,13509,428,,219,,63,,33,,249,2,,"318,244",,,,,,,,,,,,,,,,,,,,,,,,,,,,,,,,,,,,,,,,,,,,,,,,,,,,,,,,,,,,,,,,,,,,,,,,,,,,,,,,,,,,,,,,,,,,,,,,,,,,,,,,,,
Fri July 17 2020,"5,234",,"13,085",5.31%,,278,13802,293,,242,,64,,34,,254,5,,"323,478",,,,,,,,,,,,,,,,,,,,,,,,,,,,,,,,,,,,,,,,,,,,,,,,,,,,,,,,,,,,,,,,,,,,,,,,,,,,,,,,,,,,,,,,,,,,,,,,,,,,,,,,,,
Sat July 18 2020,0,,"13,085",,,0,13802,0,,242,,64,,34,,254,0,,"323,478",,,,,,,,,,,,,,,,,,,,,,,,,,,,,,,,,,,,,,,,,,,,,,,,,,,,,,,,,,,,,,,,,,,,,,,,,,,,,,,,,,,,,,,,,,,,,,,,,,,,,,,,,,
Sun July 19 2020,0,,"13,085",,,0,13802,0,,242,,64,,34,,254,0,,"323,478",,,,,,,,,,,,,,,,,,,,,,,,,,,,,,,,,,,,,,,,,,,,,,,,,,,,,,,,,,,,,,,,,,,,,,,,,,,,,,,,,,,,,,,,,,,,,,,,,,,,,,,,,,
Mon July 20 2020,"15,804",,"14,085",6.33%,,"1,000",14847,1045,,233,,70,,34,,262,8,,"339,282",,,,,,,,,,,,,,,,,,,,,,,,,,,,,,,,,,,,,,,,,,,,,,,,,,,,,,,,,,,,,,,,,,,,,,,,,,,,,,,,,,,,,,,,,,,,,,,,,,,,,,,,,,
Tue July 21 2020,"5,197","39,677","14,355",5.20%,4.91%,270,15139,292,2334,237,231.71,64,63.14,34,33.29,269,7,25,"344,479",,,,,,,,,,,,,,,,,,,,,,,,,,,,,,,,,,,,,,,,,,,,,,,,,,,,,,,,,,,,,,,,,,,,,,,,,,,,,,,,,,,,,,,,,,,,,,,,,,,,,,,,,,
Wed July 22 2020,"7,508",,"14,586",3.08%,,231,15393,254,,231,,61,,30,,271,2,,"351,987",14847,262,1387,65.8,21.3,14.2,71,10.3,73.9,72,25.3,16,66.1,46.6,42.6,47.9,51.8,1981,401,0,0,26,3187,574,0,0,82,2604,402,3,1,115,2470,394,3,0,172,1954,289,13,1,228,1282,164,49,4,279,790,92,71,7,265,554,83,123,12,214,25,10,0,0,6,6151,193,763,576,6,64,479,11,62,331,3,28,370,6,52,4814,21,318,342,2,22,1784,20,78,5610,32,373,7336,205,908,1901,25,106,,,,,,,,,,,
Thu July 23 2020,"5,691",,"14,900",,,314,15713,320,,225,,52,,28,,273,2,,"357,678",,,,,,,,,,,,,,,,,,,,,,,,,,,,,,,,,,,,,,,,,,,,,,,,,,,,,,,,,,,,,,,,,,,,,,,,,,,,,,,,,,,,,,,,,,,,,,,,,,,,,,,,,,
Fri July 24 2020,"8,058",,"15,273",,,373,16104,391,,233,,58,,30,,282,9,,"365,736",,,,,,,,,,,,,,,,,,,,,,,,,,,,,,,,,,,,,,,,,,,,,,,,,,,,,,,,,,,,,,,,,,,,,,,,,,,,,,,,,,,,,,,,,,,,,,,,,,,,,,,,,,
Sat July 25 2020,0,,"15,273",,,0,16104,0,,233,,58,,30,,282,0,,"365,736",,,,,,,,,,,,,,,,,,,,,,,,,,,,,,,,,,,,,,,,,,,,,,,,,,,,,,,,,,,,,,,,,,,,,,,,,,,,,,,,,,,,,,,,,,,,,,,,,,,,,,,,,,
Sun July 26 2020,0,,"15,273",,,0,16104,0,,233,,58,,30,,282,0,,"365,736",,,,,,,,,,,,,,,,,,,,,,,,,,,,,,,,,,,,,,,,,,,,,,,,,,,,,,,,,,,,,,,,,,,,,,,,,,,,,,,,,,,,,,,,,,,,,,,,,,,,,,,,,,
Mon July 27 2020,"15,982",,"16,240",,,967,17088,984,,237,,58,,27,,289,7,,"381,718",,,,,,,,,,,,,,,,,,,,,,,,,,,,,,,,,,,,,,,,,,,,,,,,,,,,,,,,,,,,,,,,,,,,,,,,,,,,,,,,,,,,,,,,,,,,,,,,,,,,,,,,,,
Tue July 28 2020,"5,068","42,307","16,546",,4.63%,306,17416,328,2277,230,231.71,58,57.57,31,29.43,303,14,34,"386,786",,,,,,,,,,,,,,,,,,,,,,,,,,,,,,,,,,,,,,,,,,,,,,,,,,,,,,,,,,,,,,,,,,,,,,,,,,,,,,,,,,,,,,,,,,,,,,,,,,,,,,,,,,
Wed July 29 2020,"6,463",,"16,815",,,269,17721,305,,235,,62,,32,,311,8,,"393,249",17088,289,1514,65.6,21.4,14,71.4,10.1,74.4,72,25.6,16,66.5,46.2,43.6,47.9,51.8,2409,428,0,0,34,3694,507,0,0,93,2990,386,3,0,128,2852,382,5,2,185,2196,242,16,3,252,1439,157,55,6,297,879,89,75,4,291,606,52,135,12,230,23,-2,0,0,4,7034,203,824,645,8,70,539,13,65,419,3,37,398,6,56,5611,25,347,381,3,22,2061,28,93,6523,36,408,8408,217,975,2157,36,131,,,,,,,,,,,
Thu July 30 2020,"4,456",,"17,197",,,382,18131,410,,229,,66,,30,,316,5,,"397,705",,,,,,,,,,,,,,,,,,,,,,,,,,,,,,,,,,,,,,,,,,,,,,,,,,,,,,,,,,,,,,,,,,,,,,,,,,,,,,,,,,,,,,,,,,,,,,,,,,,,,,,,,,
Fri July 31 2020,"5,536",,"17,540",,,343,18492,361,,208,,65,,32,,322,6,,"403,241",,,,,,,,,,,,,,,,,,,,,,,,,,,,,,,,,,,,,,,,,,,,,,,,,,,,,,,,,,,,,,,,,,,,,,,,,,,,,,,,,,,,,,,,,,,,,,,,,,,,,,,,,,
Sat August 1 2020,0,,"17,540",,,0,18492,0,,208,,65,,32,,322,0,,"403,241",,,,,,,,,,,,,,,,,,,,,,,,,,,,,,,,,,,,,,,,,,,,,,,,,,,,,,,,,,,,,,,,,,,,,,,,,,,,,,,,,,,,,,,,,,,,,,,,,,,,,,,,,,
Sun August 2 2020,0,,"17,540",,,0,18492,0,,208,,65,,32,,322,0,,"403,241",,,,,,,,,,,,,,,,,,,,,,,,,,,,,,,,,,,,,,,,,,,,,,,,,,,,,,,,,,,,,,,,,,,,,,,,,,,,,,,,,,,,,,,,,,,,,,,,,,,,,,,,,,
Mon August 3 2020,"12,879",,"18,335",,,795,19366,874,,215,,62,,27,,328,6,,"416,120",,,,,,,,,,,,,,,,,,,,,,,,,,,,,,,,,,,,,,,,,,,,,,,,,,,,,,,,,,,,,,,,,,,,,,,,,,,,,,,,,,,,,,,,,,,,,,,,,,,,,,,,,,
Tue August 4 2020,"4,820","34,154","18,636",,5.33%,301,"19,672",306,2256,215,216.86,62,63.86,27,30.29,333,5,30,"420,940",,,,,,,,,,,,,,,,,,,,,,,,,,,,,,,,,,,,,,,,,,,,,,,,,,,,,,,,,,,,,,,,,,,,,,,,,,,,,,,,,,,,,,,,,,,,,,,,,,,,,,,,,,
Wed August 5 2020,"4,820",,"18,936",,,301,19979,307,,228,,60,,27,,338,5,,"425,759",19366,328,1655,66.1,21.3,13.4,72,10,74.6,71.5,25.9,16,66.9,45.4,44.6,47.8,51.9,2808,399,0,0,38,4202,508,1,1,106,3385,395,3,0,143,3220,368,5,0,203,2470,274,20,4,267,1593,154,61,6,320,977,98,86,11,325,681,75,152,17,249,30,7,0,0,4,7890,223,891,703,9,74,592,15,72,461,6,45,423,6,59,6534,30,383,406,3,21,2357,36,110,7558,41,449,9371,240,1061,2437,47,145,,,,,,,,,,,
Thu August 6 2020,"5,440",,"19,162",,,226,20225,246,,230,,58,,29,,339,1,,"431,199",,,,,,,,,,,,,,,,,,,,,,,,,,,,,,,,,,,,,,,,,,,,,,,,,,,,,,,,,,,,,,,,,,,,,,,,,,,,,,,,,,,,,,,,,,,,,,,,,,,,,,,,,,
Fri August 7 2020,"5,420",,"19,562",,,400,20636,411,,204,,51,,18,,348,9,,"436,619",,,,,,,,,,,,,,,,,,,,,,,,,,,,,,,,,,,,,,,,,,,,,,,,,,,,,,,,,,,,,,,,,,,,,,,,,,,,,,,,,,,,,,,,,,,,,,,,,,,,,,,,,,
Sat August 8 2020,0,,"19,562",,,0,20636,0,,204,,51,,18,,348,0,,"436,619",,,,,,,,,,,,,,,,,,,,,,,,,,,,,,,,,,,,,,,,,,,,,,,,,,,,,,,,,,,,,,,,,,,,,,,,,,,,,,,,,,,,,,,,,,,,,,,,,,,,,,,,,,
Sun August 9 2020,0,,"19,562",,,0,20636,0,,204,,51,,18,,348,0,,"436,619",,,,,,,,,,,,,,,,,,,,,,,,,,,,,,,,,,,,,,,,,,,,,,,,,,,,,,,,,,,,,,,,,,,,,,,,,,,,,,,,,,,,,,,,,,,,,,,,,,,,,,,,,,
Mon August 10 2020,"13,010",,"20,345",,,783,21488,852,,214,,58,,22,,357,9,,"449,629",,,,,,,,,,,,,,,,,,,,,,,,,,,,,,,,,,,,,,,,,,,,,,,,,,,,,,,,,,,,,,,,,,,,,,,,,,,,,,,,,,,,,,,,,,,,,,,,,,,,,,,,,,
Tue August 11 2020,"6,328","35,018","20,643",,4.87%,298,21774,286,"2,102",234,216.86,59,55.43,15,21.00,368,11,35,"455,957",,,,,,,,,,,,,,,,,,,,,,,,,,,,,,,,,,,,,,,,,,,,,,,,,,,,,,,,,,,,,,,,,,,,,,,,,,,,,,,,,,,,,,,,,,,,,,,,,,,,,,,,,,
Wed August 12 2020,"5,438",,"20,875",,,232,22022,248,,213,,50,,17,,375,7,,"461,395",21488,357,1798,66.5,21,13.4,72.3,10,74.9,71.5,26,16.2,67.1,45.5,44.9,47.7,52,3155,347,0,0,41,4631,429,1,0,119,3777,392,3,0,158,3560,340,7,2,217,2753,283,20,0,294,1769,176,63,2,356,1059,82,93,7,348,762,81,170,18,262,22,-8,0,0,3,8683,237,959,757,9,81,630,16,74,516,7,52,447,6,61,7336,34,424,431,3,25,2688,45,122,8443,45,495,10388,254,1145,2657,58,158,,,,,,,,,,,
Thu August 13 2020,"5,270",,21158,,,283,22317,295,,218,,53,,16,,380,5,,466665,,,,,,,,,,,,,,,,,,,,,,,,,,,,,,,,,,,,,,,,,,,,,,,,,,,,,,,,,,,,,,,,,,,,,,,,,,,,,,,,,,,,,,,,,,,,,,,,,,,,,,,,,,
Fri August 14 2020,"5,270",,"21,441",,,283,22613,296,,224,,57,,16,,385,5,,"471,935",,,,,,,,,,,,,,,,,,,,,,,,,,,,,,,,,,,,,,,,,,,,,,,,,,,,,,,,,,,,,,,,,,,,,,,,,,,,,,,,,,,,,,,,,,,,,,,,,,,,,,,,,,
Sat August 15 2020,"5,596",,"21,679",,,238,"22,864",251,,220,,56,,16,,390,5,,"477,531",,,,,,,,,,,,,,,,,,,,,,,,,,,,,,,,,,,,,,,,,,,,,,,,,,,,,,,,,,,,,,,,,,,,,,,,,,,,,,,,,,,,,,,,,,,,,,,,,,,,,,,,,,
Sun August 16 2020,"5,596",,"21,916",,,238,"23,116",251,,216,,55,,16,,394,5,,"483,127",,,,,,,,,,,,,,,,,,,,,,,,,,,,,,,,,,,,,,,,,,,,,,,,,,,,,,,,,,,,,,,,,,,,,,,,,,,,,,,,,,,,,,,,,,,,,,,,,,,,,,,,,,
Mon August 17 2020,"5,596",,"22,154",,,238,"23,367",251,,211,,53,,16,,399,5,,"488,723",,,,,,,,,,,,,,,,,,,,,,,,,,,,,,,,,,,,,,,,,,,,,,,,,,,,,,,,,,,,,,,,,,,,,,,,,,,,,,,,,,,,,,,,,,,,,,,,,,,,,,,,,,
Tue August 18 2020,"5,596","38,362","22,391",,3.95%,238,"23,619",251,1844,207,215.57,52,53.71,16,16.14,403,5,35,"494,319",,,,,,,,,,,,,,,,,,,,,,,,,,,,,,,,,,,,,,,,,,,,,,,,,,,,,,,,,,,,,,,,,,,,,,,,,,,,,,,,,,,,,,,,,,,,,,,,,,,,,,,,,,
Wed August 19 2020,"5,596",,"22,629",,,238,23870,251,,203,,51,,16,,408,5,,"499,915",23451,388,1913,66.8,20.9,13.3,72.4,10,74.9,71.4,26.2,16.3,67,45.6,45.1,47.6,52.1,3484,329,0,0,45,5052,421,1,0,125,4129,352,3,0,171,3898,338,7,0,225,2974,221,24,4,314,1896,127,64,1,371,1152,93,104,11,377,840,78,185,15,282,26,4,0,0,3,9456,257,1017,822,9,81,674,18,78,561,8,56,472,6,62,8105,36,463,455,4,25,2906,50,131,9313,47,534,11270,275,1208,2868,66,171,,,,,,,,,,,
Thu August 20 2020,"5,071",,"22,917",,,288,24165,295,,175,,48,,21,,412,4,,"504,986",,,,,,,,,,,,,,,,,,,,,,,,,,,,,,,,,,,,,,,,,,,,,,,,,,,,,,,,,,,,,,,,,,,,,,,,,,,,,,,,,,,,,,,,,,,,,,,,,,,,,,,,,,
Fri August 21 2020,"5,071",,"23,156",,,239,24421,256,,173,,47,,19,,414,2,,"510,056",,,,,,,,,,,,,,,,,,,,,,,,,,,,,,,,,,,,,,,,,,,,,,,,,,,,,,,,,,,,,,,,,,,,,,,,,,,,,,,,,,,,,,,,,,,,,,,,,,,,,,,,,,
Sat August 22 2020,0,,"23,156",,,0,24421,0,,173,,47,,19,,414,0,,"510,056",,,,,,,,,,,,,,,,,,,,,,,,,,,,,,,,,,,,,,,,,,,,,,,,,,,,,,,,,,,,,,,,,,,,,,,,,,,,,,,,,,,,,,,,,,,,,,,,,,,,,,,,,,
Sun August 23 2020,0,,"23,156",,,0,24421,0,,173,,47,,19,,414,0,,"510,056",,,,,,,,,,,,,,,,,,,,,,,,,,,,,,,,,,,,,,,,,,,,,,,,,,,,,,,,,,,,,,,,,,,,,,,,,,,,,,,,,,,,,,,,,,,,,,,,,,,,,,,,,,
Mon August 24 2020,"11,985",,"23,859",,,703,25155,734,,143,,44,,25,,420,6,,"522,041",,,,,,,,,,,,,,,,,,,,,,,,,,,,,,,,,,,,,,,,,,,,,,,,,,,,,,,,,,,,,,,,,,,,,,,,,,,,,,,,,,,,,,,,,,,,,,,,,,,,,,,,,,
Tue August 25 2020,"4,662","32,384","24,085",,4.50%,226,25391,236,1772,154,170.57,53,48.14,27,20.86,427,7,24,"526,703",,,,,,,,,,,,,,,,,,,,,,,,,,,,,,,,,,,,,,,,,,,,,,,,,,,,,,,,,,,,,,,,,,,,,,,,,,,,,,,,,,,,,,,,,,,,,,,,,,,,,,,,,,
Wed August 26 2020,"4,753",,"24,289",,,204,25571,180,,140,,48,,26,,433,6,,"531,456",25155,420,2028,67.2,20.9,13,73.1,9.9,75.3,71.5,26.1,16.4,67.2,45.3,45.6,47.8,51.9,3769,285,0,0,48,5417,365,1,0,134,4451,322,4,1,175,4157,259,7,0,236,3195,221,24,0,334,2033,137,70,6,394,1220,68,109,5,399,884,44,205,20,302,29,3,0,0,6,10063,281,1087,870,9,84,712,18,80,608,9,62,493,6,66,8800,38,489,479,5,25,3130,54,135,10065,49,564,12001,298,1289,3089,73,175,,,,,,,,,,,
Thu August 27 2020,"5,981",,"24,482",,,193,25761,190,,171,,53,,23,,438,5,,"537,437",,,,,,,,,,,,,,,,,,,,,,,,,,,,,,,,,,,,,,,,,,,,,,,,,,,,,,,,,,,,,,,,,,,,,,,,,,,,,,,,,,,,,,,,,,,,,,,,,,,,,,,,,,
Fri August 28 2020,"5,152",,"24,776",,,294,26054,293,,166,,47,,22,,447,9,,"542,589",,,,,,,,,,,,,,,,,,,,,,,,,,,,,,,,,,,,,,,,,,,,,,,,,,,,,,,,,,,,,,,,,,,,,,,,,,,,,,,,,,,,,,,,,,,,,,,,,,,,,,,,,,
Sat August 29 2020,,,,,,,,,,,,,,,,,,,,,,,,,,,,,,,,,,,,,,,,,,,,,,,,,,,,,,,,,,,,,,,,,,,,,,,,,,,,,,,,,,,,,,,,,,,,,,,,,,,,,,,,,,,,,,,,,,,,,,,,,,,,,
Sun August 30 2020,,,,,,,,,,,,,,,,,,,,,,,,,,,,,,,,,,,,,,,,,,,,,,,,,,,,,,,,,,,,,,,,,,,,,,,,,,,,,,,,,,,,,,,,,,,,,,,,,,,,,,,,,,,,,,,,,,,,,,,,,,,,,
Mon August 31 2020,,,,,,,,,,,,,,,,,,,,,,,,,,,,,,,,,,,,,,,,,,,,,,,,,,,,,,,,,,,,,,,,,,,,,,,,,,,,,,,,,,,,,,,,,,,,,,,,,,,,,,,,,,,,,,,,,,,,,,,,,,,,,
Tue September 1 2020,,,,,,,,,,,,,,,,,,,,,,,,,,,,,,,,,,,,,,,,,,,,,,,,,,,,,,,,,,,,,,,,,,,,,,,,,,,,,,,,,,,,,,,,,,,,,,,,,,,,,,,,,,,,,,,,,,,,,,,,,,,,,
Wed September 2 2020,,,,,,,,,,,,,,,,,,,,26713,459,2149,68.2,20.8,13,73.2,9.9,75.5,71.6,26.1,16.4,67.3,45.5,45.6,48,51.7,3994,225,0,0,50,5790,373,2,1,146,4707,256,5,1,184,4398,241,7,0,247,3401,206,29,5,354,2172,139,77,7,417,1290,70,119,10,418,939,55,220,15,330,22,-7,0,0,3,10688,304,1154,919,11,90,751,18,85,652,10,67,521,7,71,9374,41,515,502,6,26,3306,62,141,10721,55,598,12721,321,1363,3271,83,188,,,,,,,,,,,
Thu September 3 2020,,,,,,,,,,,,,,,,,,,,,,,,,,,,,,,,,,,,,,,,,,,,,,,,,,,,,,,,,,,,,,,,,,,,,,,,,,,,,,,,,,,,,,,,,,,,,,,,,,,,,,,,,,,,,,,,,,,,,,,,,,,,,
Fri September 4 2020,,,"26,268",,,,27601,,,147,,45,,23,,475,,,"575,596",,,,,,,,,,,,,,,,,,,,,,,,,,,,,,,,,,,,,,,,,,,,,,,,,,,,,,,,,,,,,,,,,,,,,,,,,,,,,,,,,,,,,,,,,,,,,,,,,,,,,,,,,,
Sat September 5 2020,,,,,,,,,,,,,,,,,,,,,,,,,,,,,,,,,,,,,,,,,,,,,,,,,,,,,,,,,,,,,,,,,,,,,,,,,,,,,,,,,,,,,,,,,,,,,,,,,,,,,,,,,,,,,,,,,,,,,,,,,,,,,
Sun September 6 2020,,,,,,,,,,,,,,,,,,,,,,,,,,,,,,,,,,,,,,,,,,,,,,,,,,,,,,,,,,,,,,,,,,,,,,,,,,,,,,,,,,,,,,,,,,,,,,,,,,,,,,,,,,,,,,,,,,,,,,,,,,,,,
Mon September 7 2020,,,,,,,,,,,,,,,,,,,,,,,,,,,,,,,,,,,,,,,,,,,,,,,,,,,,,,,,,,,,,,,,,,,,,,,,,,,,,,,,,,,,,,,,,,,,,,,,,,,,,,,,,,,,,,,,,,,,,,,,,,,,,
Tue September 8 2020,,,"26,988",,,,28355,,,153,,44,,21,,486,,,"590,132",,,,,,,,,,,,,,,,,,,,,,,,,,,,,,,,,,,,,,,,,,,,,,,,,,,,,,,,,,,,,,,,,,,,,,,,,,,,,,,,,,,,,,,,,,,,,,,,,,,,,,,,,,
Wed September 9 2020,"2,568",,"27,094",,,106,28471,116,,,,,,,,,,,"592,700",,,,,,,,,,,,,,,,,,,,,,,,,,,,,,,,,,,,,,,,,,,,,,,,,,,,,,,,,,,,,,,,,,,,,,,,,,,,,,,,,,,,,,,,,,,,,,,,,,,,,,,,,,
Thu September 10 2020,"2,891",,"27,257",,,163,28651,,,162,,40,,20,,494,,,"595,591",28190,482,2196,68.7,20.6,13.4,73.2,9.9,76,71.4,26.5,16.5,67.7,45.2,45.9,48.1,51.6,4227,233,0,0,48,6097,307,3,1,0,4973,266,4,-1,184,4641,243,9,2,262,3590,189,33,4,361,2266,94,79,2,423,1372,82,126,7,434,1006,67,228,8,339,18,-4,0,0,1,11354,314,1177,968,12,90,696,18,86,808,10,68,536,7,76,9871,48,527,525,8,27,3432,65,145,11312,63,618,13506,333,1392,3372,86,186,,,,,,,,,,,